-- --------------------------------------------------------
-- Host:                         127.0.0.1
-- Server version:               11.8.3-MariaDB - mariadb.org binary distribution
-- Server OS:                    Win64
-- HeidiSQL Version:             12.11.0.7065
-- --------------------------------------------------------

/*!40101 SET @OLD_CHARACTER_SET_CLIENT=@@CHARACTER_SET_CLIENT */;
/*!40101 SET NAMES utf8 */;
/*!50503 SET NAMES utf8mb4 */;
/*!40103 SET @OLD_TIME_ZONE=@@TIME_ZONE */;
/*!40103 SET TIME_ZONE='+00:00' */;
/*!40014 SET @OLD_FOREIGN_KEY_CHECKS=@@FOREIGN_KEY_CHECKS, FOREIGN_KEY_CHECKS=0 */;
/*!40101 SET @OLD_SQL_MODE=@@SQL_MODE, SQL_MODE='NO_AUTO_VALUE_ON_ZERO' */;
/*!40111 SET @OLD_SQL_NOTES=@@SQL_NOTES, SQL_NOTES=0 */;


-- Dumping database structure for akc_dogs
CREATE DATABASE IF NOT EXISTS `akc_dogs` /*!40100 DEFAULT CHARACTER SET utf8mb3 COLLATE utf8mb3_general_ci */;
USE `akc_dogs`;

-- Dumping structure for table akc_dogs.breeds
CREATE TABLE IF NOT EXISTS `breeds` (
  `ID` int(11) NOT NULL AUTO_INCREMENT,
  `Name` char(50) NOT NULL,
  `Min_Expectancy` int(11) DEFAULT NULL,
  `Max_Expectancy` int(11) DEFAULT NULL,
  `Min_Height` float(4,1) DEFAULT NULL,
  `Max_Height` float(4,1) DEFAULT NULL,
  `Min_Weight` float(4,1) DEFAULT NULL,
  `Max_Weight` float(4,1) DEFAULT NULL,
  `GroupId` int(11) NOT NULL,
  `DemeanorID` int(11) DEFAULT NULL,
  PRIMARY KEY (`ID`),
  KEY `FK_Breeds_To_Groups` (`GroupId`),
  KEY `FK_Breeds_To_Demeanor` (`DemeanorID`),
  CONSTRAINT `fk_Breeds_Demeanor` FOREIGN KEY (`DemeanorID`) REFERENCES `demeanor` (`ID`) ON DELETE NO ACTION ON UPDATE NO ACTION,
  CONSTRAINT `fk_Breeds_Groups` FOREIGN KEY (`GroupId`) REFERENCES `groups` (`ID`) ON DELETE NO ACTION ON UPDATE NO ACTION
) ENGINE=InnoDB AUTO_INCREMENT=278 DEFAULT CHARSET=utf8mb3 COLLATE=utf8mb3_general_ci;

-- Dumping data for table akc_dogs.breeds: ~277 rows (approximately)
INSERT INTO `breeds` (`ID`, `Name`, `Min_Expectancy`, `Max_Expectancy`, `Min_Height`, `Max_Height`, `Min_Weight`, `Max_Weight`, `GroupId`, `DemeanorID`) VALUES
	(1, 'Affenpinscher', 12, 15, 22.9, 29.2, 3.2, 4.5, 1, 4),
	(2, 'Afghan Hound', 12, 15, 63.5, 68.6, 22.7, 27.2, 2, 2),
	(3, 'Airedale Terrier', 11, 14, 58.4, 58.4, 22.7, 31.8, 3, 3),
	(4, 'Akita', 10, 13, 61.0, 71.1, 31.8, 59.0, 4, 1),
	(5, 'Alaskan Malamute', 10, 14, 58.4, 63.5, 34.0, 38.6, 4, 3),
	(6, 'American Bulldog', 10, 12, 50.8, 63.5, 27.2, 45.4, 5, 1),
	(7, 'American English Coonhound', 11, 12, 58.4, 66.0, 20.4, 29.5, 2, 1),
	(8, 'American Eskimo Dog', 13, 15, 22.9, 48.3, 2.7, 15.9, 6, 4),
	(9, 'American Foxhound', 11, 13, 53.3, 63.5, 27.2, 31.8, 2, 3),
	(10, 'American Hairless Terrier', 14, 16, 30.5, 40.6, 5.4, 7.3, 3, NULL),
	(11, 'American Leopard Hound', 12, 15, 53.3, 68.6, 20.4, 31.8, 5, 1),
	(12, 'American Staffordshire Terrier', 12, 16, 43.2, 48.3, 18.1, 31.8, 3, 1),
	(13, 'American Water Spaniel', 10, 14, 38.1, 45.7, 11.3, 20.4, 7, 3),
	(14, 'Anatolian Shepherd Dog', 11, 13, 68.6, 73.7, 36.3, 68.0, 4, 5),
	(15, 'Appenzeller Sennenhund', 12, 15, 48.3, 55.9, 21.8, 31.8, 5, 5),
	(16, 'Australian Cattle Dog', 12, 16, 43.2, 50.8, 15.9, 22.7, 8, 5),
	(17, 'Australian Kelpie', 10, 13, 43.2, 50.8, NULL, NULL, 5, 1),
	(18, 'Australian Shepherd', 12, 15, 45.7, 58.4, 18.1, 29.5, 8, 1),
	(19, 'Australian Stumpy Tail Cattle Dog', 12, 15, 43.2, 50.8, 14.5, 20.4, 5, 1),
	(20, 'Australian Terrier', 11, 15, 25.4, 27.9, 6.8, 9.1, 3, 3),
	(21, 'Azawakh', 12, 15, 59.7, 73.7, 15.0, 24.9, 2, 3),
	(22, 'Barbet', 12, 14, 48.3, 62.2, 15.9, 29.5, 7, 3),
	(23, 'Basenji', 13, 14, 40.6, 43.2, 10.0, 10.9, 2, 5),
	(24, 'Basset Fauve de Bretagne', 12, 12, 31.8, 39.4, 12.2, 15.9, 5, 4),
	(25, 'Basset Hound', 12, 13, 38.1, 38.1, 18.1, 29.5, 2, 3),
	(26, 'Bavarian Mountain Scent Hound', 12, 15, 43.2, 52.1, 16.8, 29.9, 5, 5),
	(27, 'Beagle', 10, 15, 33.0, 38.1, 5.9, 13.6, 2, 3),
	(28, 'Bearded Collie', 12, 14, 50.8, 55.9, 20.4, 24.9, 8, 4),
	(29, 'Beauceron', 10, 12, 61.0, 69.8, 31.8, 49.9, 8, 5),
	(30, 'Bedlington Terrier', 11, 16, 38.1, 44.5, 7.7, 10.4, 3, 1),
	(31, 'Belgian Laekenois', 10, 12, 55.9, 66.0, 24.9, 29.5, 9, 5),
	(32, 'Belgian Malinois', 14, 16, 55.9, 66.0, 18.1, 36.3, 8, 5),
	(33, 'Belgian Sheepdog', 12, 14, 55.9, 66.0, 20.4, 34.0, 8, 5),
	(34, 'Belgian Tervuren', 12, 14, 55.9, 66.0, 20.4, 34.0, 8, 5),
	(35, 'Bergamasco Sheepdog', 13, 15, 55.9, 59.7, 25.9, 38.1, 8, 5),
	(36, 'Berger Picard', 12, 13, 54.6, 64.8, 22.7, 31.8, 8, 1),
	(37, 'Bernese Mountain Dog', 7, 10, 58.4, 69.8, 31.8, 52.2, 4, 5),
	(38, 'Bichon Frise', 14, 15, 24.1, 29.2, 5.4, 8.2, 6, 4),
	(39, 'Biewer Terrier', 16, 16, 17.8, 27.9, 1.8, 3.6, 9, 4),
	(40, 'Black and Tan Coonhound', 10, 12, 58.4, 68.6, 29.5, 49.9, 2, 3),
	(41, 'Black Russian Terrier', 10, 12, 66.0, 76.2, 36.3, 59.0, 4, 5),
	(42, 'Bloodhound', 10, 12, 58.4, 68.6, 36.3, 49.9, 2, 1),
	(43, 'Bluetick Coonhound', 11, 12, 53.3, 68.6, 20.4, 36.3, 2, 3),
	(44, 'Boerboel', 9, 11, 55.9, 68.6, 68.0, 90.7, 4, 5),
	(45, 'Bohemian Shepherd', 12, 15, 49.0, 55.1, 16.8, 27.2, 5, 1),
	(46, 'Bolognese', 12, 14, 25.4, 30.5, 2.5, 4.1, 5, 3),
	(47, 'Border Collie', 12, 15, 45.7, 55.9, 13.6, 24.9, 8, 5),
	(48, 'Border Terrier', 12, 15, 30.5, 38.1, 5.2, 7.0, 3, 3),
	(49, 'Borzoi', 9, 14, 66.0, 71.1, 27.2, 47.6, 2, 1),
	(50, 'Boston Terrier', 11, 13, 38.1, 43.2, 5.4, 11.3, 6, 4),
	(51, 'Bouvier des Flandres', 10, 12, 59.7, 69.8, 31.8, 49.9, 8, 1),
	(52, 'Boxer', 10, 12, 54.6, 63.5, 6.8, 36.3, 4, 4),
	(53, 'Boykin Spaniel', 10, 15, 35.6, 45.7, 11.3, 18.1, 7, 1),
	(54, 'Bracco Italiano', 10, 14, 53.3, 68.6, 24.9, 40.8, 9, 1),
	(55, 'Braque du Bourbonnais', 10, 12, 48.3, 57.1, 15.9, 24.0, 5, 1),
	(56, 'Braque Francais Pyrenean', NULL, NULL, 47.0, 58.4, 18.1, 24.9, 5, NULL),
	(57, 'Briard', 12, 12, 55.9, 68.6, 24.9, 45.4, 8, 5),
	(58, 'Brittany', 12, 14, 44.5, 52.1, 13.6, 18.1, 7, 3),
	(59, 'Broholmer', 8, 10, 69.8, 74.9, 40.8, 68.0, 5, NULL),
	(60, 'Brussels Griffon', 12, 15, 17.8, 25.4, 3.6, 4.5, 1, 3),
	(61, 'Bull Terrier', 12, 13, 53.3, 55.9, 22.7, 31.8, 3, 3),
	(62, 'Bulldog', 8, 10, 35.6, 38.1, 18.1, 22.7, 6, 3),
	(63, 'Bullmastiff', 7, 9, 61.0, 68.6, 45.4, 59.0, 4, 1),
	(64, 'Cairn Terrier', 13, 15, 24.1, 25.4, 5.9, 6.4, 3, 3),
	(65, 'Canaan Dog', 12, 15, 48.3, 61.0, 15.9, 24.9, 8, 5),
	(66, 'Cane Corso', 9, 12, 59.7, 69.8, 0.0, 0.0, 4, 1),
	(67, 'Cardigan Welsh Corgi', 12, 15, 26.7, 31.8, 11.3, 17.2, 8, 1),
	(68, 'Carolina Dog', NULL, NULL, 45.1, 49.5, 13.6, 24.9, 5, 1),
	(69, 'Catahoula Leopard Dog', 10, 14, 55.9, 61.0, 22.7, 43.1, 5, 5),
	(70, 'Caucasian Shepherd Dog', 10, 12, 58.4, 76.2, 44.9, 77.1, 5, 2),
	(71, 'Cavalier King Charles Spaniel', 12, 15, 30.5, 33.0, 5.9, 8.2, 1, 3),
	(72, 'Central Asian Shepherd Dog', NULL, NULL, 64.8, 69.8, 39.9, 49.9, 5, 2),
	(73, 'Cesky Terrier', 12, 15, 25.4, 33.0, 6.4, 10.9, 3, 5),
	(74, 'Chesapeake Bay Retriever', 10, 13, 53.3, 66.0, 24.9, 36.3, 7, 5),
	(75, 'Chihuahua', 14, 16, 12.7, 20.3, 2.7, 2.7, 1, 1),
	(76, 'Chinese Crested', 13, 18, 27.9, 33.0, 3.6, 5.4, 1, 3),
	(77, 'Chinese Shar-Pei', 8, 12, 45.7, 50.8, 20.4, 27.2, 6, 5),
	(78, 'Chinook', 12, 15, 55.9, 66.0, 22.7, 40.8, 4, 3),
	(79, 'Chow Chow', 8, 12, 43.2, 50.8, 20.4, 31.8, 6, 5),
	(80, 'Cirneco dell’Etna', 12, 14, 41.9, 49.5, 7.7, 11.8, 2, 1),
	(81, 'Clumber Spaniel', 10, 12, 43.2, 50.8, 24.9, 38.6, 7, 5),
	(82, 'Cocker Spaniel', 10, 14, 34.3, 39.4, 9.1, 13.6, 7, 4),
	(83, 'Collie', 12, 14, 55.9, 66.0, 22.7, 34.0, 8, 3),
	(84, 'Coton de Tulear', 15, 19, 22.9, 27.9, 3.6, 6.8, 6, 4),
	(85, 'Croatian Sheepdog', 13, 14, 40.6, 50.8, 13.2, 20.0, 5, 5),
	(86, 'Curly-Coated Retriever', 10, 12, 58.4, 68.6, 27.2, 43.1, 7, 5),
	(87, 'Czechoslovakian Vlcak', 10, 15, 59.7, 64.8, 20.0, 25.9, 5, 2),
	(88, 'Dachshund', 12, 16, 12.7, 22.9, 5.0, 14.5, 2, 1),
	(89, 'Dalmatian', 11, 13, 48.3, 61.0, 20.4, 31.8, 6, 1),
	(90, 'Dandie Dinmont Terrier', 12, 15, 20.3, 27.9, 8.2, 10.9, 3, 5),
	(91, 'Danish-Swedish Farmdog', 11, 13, 31.8, 36.8, 6.8, 9.1, 5, NULL),
	(92, 'Deutscher Wachtelhund', 12, 14, 45.7, 53.3, 18.1, 24.9, 5, NULL),
	(93, 'Doberman Pinscher', 10, 12, 61.0, 71.1, 27.2, 45.4, 4, 1),
	(94, 'Dogo Argentino', 9, 15, 61.0, 67.3, 39.9, 45.4, 4, NULL),
	(95, 'Dogue de Bordeaux', 5, 8, 58.4, 66.0, 44.9, 49.9, 4, 1),
	(96, 'Drentsche Patrijshond', 11, 14, 53.3, 63.5, 21.8, 33.1, 5, 5),
	(97, 'Drever', 15, 15, 30.5, 38.1, 15.9, 18.1, 5, 1),
	(98, 'Dutch Shepherd', 11, 14, 54.6, 62.2, 19.1, 34.0, 9, 1),
	(99, 'English Cocker Spaniel', 12, 14, 38.1, 43.2, 11.8, 15.4, 7, 3),
	(100, 'English Foxhound', 10, 13, 61.0, 61.0, 27.2, 34.0, 2, 3),
	(101, 'English Setter', 12, 12, 58.4, 68.6, 20.4, 36.3, 7, 3),
	(102, 'English Springer Spaniel', 12, 14, 48.3, 50.8, 18.1, 22.7, 7, 3),
	(103, 'English Toy Spaniel', 10, 12, 22.9, 25.4, 3.6, 6.4, 1, 1),
	(104, 'Entlebucher Mountain Dog', 11, 13, 40.6, 53.3, 18.1, 29.5, 8, 5),
	(105, 'Estrela Mountain Dog', 10, 14, 62.2, 73.7, 34.9, 59.9, 5, NULL),
	(106, 'Eurasier', 12, 16, 48.3, 61.0, 18.1, 31.8, 5, 5),
	(107, 'Field Spaniel', 12, 13, 43.2, 45.7, 15.9, 22.7, 7, 5),
	(108, 'Finnish Lapphund', 12, 15, 40.6, 53.3, 15.0, 24.0, 8, 5),
	(109, 'Finnish Spitz', 13, 15, 39.4, 50.8, 9.1, 15.0, 6, 3),
	(110, 'Flat-Coated Retriever', 8, 10, 55.9, 62.2, 27.2, 31.8, 7, 3),
	(111, 'French Bulldog', 10, 12, 27.9, 33.0, 12.7, 12.7, 6, 1),
	(112, 'French Spaniel', 10, 12, 54.6, 61.0, 22.7, 27.2, 5, NULL),
	(113, 'German Longhaired Pointer', 12, 14, 55.9, 71.1, 24.9, 36.3, 5, 3),
	(114, 'German Pinscher', 12, 14, 43.2, 50.8, 11.3, 20.4, 4, 1),
	(115, 'German Shepherd Dog', 7, 10, 55.9, 66.0, 22.7, 40.8, 8, 1),
	(116, 'German Shorthaired Pointer', 10, 12, 53.3, 63.5, 20.4, 31.8, 7, 3),
	(117, 'German Spitz', 13, 15, 30.5, 38.1, 10.9, 11.8, 5, 5),
	(118, 'German Wirehaired Pointer', 14, 16, 55.9, 66.0, 22.7, 31.8, 7, 5),
	(119, 'Giant Schnauzer', 12, 15, 59.7, 69.8, 24.9, 38.6, 4, 1),
	(120, 'Glen of Imaal Terrier', 10, 15, 31.8, 35.6, 14.5, 18.1, 3, 1),
	(121, 'Golden Retriever', 10, 12, 54.6, 61.0, 24.9, 34.0, 7, 3),
	(122, 'Gordon Setter', 12, 13, 58.4, 68.6, 20.4, 36.3, 7, 5),
	(123, 'Grand Basset Griffon Vendéen', 13, 15, 39.4, 45.7, 18.1, 20.4, 2, 3),
	(124, 'Great Dane', 7, 10, 71.1, 81.3, 49.9, 79.4, 4, 1),
	(125, 'Great Pyrenees', 10, 12, 63.5, 81.3, 38.6, 45.4, 4, 5),
	(126, 'Greater Swiss Mountain Dog', 8, 11, 59.7, 72.4, 38.6, 63.5, 4, 1),
	(127, 'Greyhound', 10, 13, 68.6, 76.2, 27.2, 31.8, 2, 3),
	(128, 'Hamiltonstovare', 14, 17, 48.3, 61.0, 18.1, 34.0, 5, 3),
	(129, 'Hanoverian Scenthound', 10, 14, 48.3, 53.3, 35.8, 44.9, 5, 5),
	(130, 'Harrier', 12, 15, 48.3, 53.3, 20.4, 27.2, 2, 3),
	(131, 'Havanese', 14, 16, 21.6, 29.2, 3.2, 5.9, 1, 4),
	(132, 'Hokkaido', 12, 15, 45.7, 50.8, 20.0, 29.9, 5, NULL),
	(133, 'Hovawart', 10, 14, 58.4, 71.1, 29.5, 40.8, 5, 5),
	(134, 'Ibizan Hound', 11, 14, 57.1, 69.8, 20.4, 22.7, 2, 5),
	(135, 'Icelandic Sheepdog', 12, 14, 41.9, 45.7, 11.3, 13.6, 8, 3),
	(136, 'Irish Red and White Setter', 11, 15, 57.1, 66.0, 15.9, 27.2, 7, 3),
	(137, 'Irish Setter', 12, 15, 63.5, 68.6, 27.2, 31.8, 7, 4),
	(138, 'Irish Terrier', 13, 15, 45.7, 45.7, 11.3, 12.2, 3, 1),
	(139, 'Irish Water Spaniel', 12, 13, 53.3, 61.0, 20.4, 30.8, 7, 5),
	(140, 'Irish Wolfhound', 6, 8, 76.2, 81.3, 47.6, 54.4, 2, 1),
	(141, 'Italian Greyhound', 14, 15, 33.0, 38.1, 3.2, 6.4, 1, 2),
	(142, 'Jagdterrier', 10, 12, 33.0, 40.6, 7.7, 10.0, 5, NULL),
	(143, 'Japanese Chin', 10, 12, 20.3, 27.9, 3.2, 5.0, 1, 5),
	(144, 'Japanese Spitz', 12, 14, 30.5, 38.1, 4.5, 11.3, 5, 3),
	(145, 'Jindo', 14, 14, 45.7, 55.9, 13.6, 22.7, 5, 5),
	(146, 'Kai Ken', 12, 15, 39.4, 49.5, 9.1, 18.1, 5, 5),
	(147, 'Karelian Bear Dog', 11, 13, 48.3, 59.7, 20.0, 22.2, 5, NULL),
	(148, 'Keeshond', 12, 15, 43.2, 45.7, 15.9, 20.4, 6, 3),
	(149, 'Kerry Blue Terrier', 12, 15, 44.5, 49.5, 15.0, 18.1, 3, 1),
	(150, 'Kishu Ken', 11, 13, 43.2, 55.9, 13.6, 27.2, 5, 5),
	(151, 'Komondor', 10, 12, 64.8, 69.8, 36.3, 45.4, 4, 5),
	(152, 'Kromfohrlander', 13, 15, 38.1, 45.7, 9.1, 15.9, 5, 5),
	(153, 'Kuvasz', 10, 12, 66.0, 76.2, 31.8, 52.2, 4, 5),
	(154, 'Labrador Retriever', 10, 12, 54.6, 62.2, 24.9, 36.3, 7, 4),
	(155, 'Lagotto Romagnolo', 15, 17, 40.6, 48.3, 10.9, 15.9, 7, 1),
	(156, 'Lakeland Terrier', 12, 15, 35.6, 38.1, 7.7, 7.7, 3, 1),
	(157, 'Lancashire Heeler', 12, 15, 25.4, 30.5, 4.1, 7.7, 9, 3),
	(158, 'Lapponian Herder', 10, 14, 45.7, 50.8, 31.8, 31.8, 5, 5),
	(159, 'Leonberger', 9, 9, 64.8, 80.0, 40.8, 77.1, 4, 3),
	(160, 'Lhasa Apso', 12, 15, 25.4, 27.9, 5.4, 8.2, 6, 5),
	(161, 'Löwchen', 15, 15, 27.9, 33.0, 4.5, 6.8, 6, 4),
	(162, 'Maltese', 12, 15, 17.8, 22.9, 3.2, 3.2, 1, 4),
	(163, 'Manchester Terrier (Standard)', 15, 17, 38.1, 40.6, 5.4, 10.0, 3, 1),
	(164, 'Manchester Terrier (Toy)', 15, 17, 25.4, 30.5, 5.4, 5.4, 1, 1),
	(165, 'Mastiff', 6, 10, 69.8, 76.2, 54.4, 104.3, 4, 1),
	(166, 'Miniature American Shepherd', 12, 13, 33.0, 45.7, 9.1, 18.1, 8, 3),
	(167, 'Miniature Bull Terrier', 11, 13, 25.4, 35.6, 8.2, 12.7, 3, 1),
	(168, 'Miniature Pinscher', 12, 16, 25.4, 31.8, 3.6, 4.5, 1, 1),
	(169, 'Miniature Schnauzer', 12, 15, 30.5, 35.6, 5.0, 9.1, 3, 1),
	(170, 'Mountain Cur', 10, 13, 40.6, 66.0, 13.6, 27.2, 5, 5),
	(171, 'Mudi', 12, 14, 38.1, 47.0, 8.2, 13.2, 9, 5),
	(172, 'Neapolitan Mastiff', 7, 9, 61.0, 78.7, 49.9, 68.0, 4, 2),
	(173, 'Nederlandse Kooikerhondje', 12, 15, 35.6, 43.2, 9.1, 13.6, 7, 5),
	(174, 'Newfoundland', 9, 10, 66.0, 71.1, 45.4, 68.0, 4, 3),
	(175, 'Norfolk Terrier', 12, 16, 22.9, 25.4, 5.0, 5.4, 3, 3),
	(176, 'Norrbottenspets', 14, 17, 41.9, 45.7, 9.1, 13.6, 9, NULL),
	(177, 'Norwegian Buhund', 12, 15, 40.6, 47.0, 11.8, 18.1, 8, 3),
	(178, 'Norwegian Elkhound', 12, 15, 49.5, 52.1, 21.8, 24.9, 2, 3),
	(179, 'Norwegian Lundehund', 12, 15, 30.5, 38.1, 9.1, 13.6, 6, 5),
	(180, 'Norwich Terrier', 12, 15, 25.4, 25.4, 5.4, 5.4, 3, 3),
	(181, 'Nova Scotia Duck Tolling Retriever', 12, 14, 43.2, 53.3, 15.9, 22.7, 7, 3),
	(182, 'Old English Sheepdog', 10, 12, 53.3, 55.9, 27.2, 45.4, 8, 1),
	(183, 'Otterhound', 10, 13, 61.0, 68.6, 36.3, 52.2, 2, 1),
	(184, 'Papillon', 14, 16, 20.3, 27.9, 2.3, 4.5, 1, 4),
	(185, 'Parson Russell Terrier', 13, 15, 33.0, 35.6, 5.9, 7.7, 3, 3),
	(186, 'Pekingese', 12, 14, 15.2, 22.9, 6.4, 6.4, 1, 5),
	(187, 'Pembroke Welsh Corgi', 12, 13, 25.4, 30.5, 12.7, 13.6, 8, 4),
	(188, 'Perro de Presa Canario', 9, 11, 55.9, 66.0, 38.1, 49.9, 5, NULL),
	(189, 'Peruvian Inca Orchid', 12, 14, 24.8, 65.4, 3.9, 24.9, 9, 5),
	(190, 'Petit Basset Griffon Vendéen', 12, 14, 33.0, 38.1, 11.3, 18.1, 2, 3),
	(191, 'Pharaoh Hound', 12, 14, 53.3, 63.5, 20.4, 24.9, 2, 5),
	(192, 'Plott Hound', 12, 14, 50.8, 63.5, 18.1, 27.2, 2, 1),
	(193, 'Pointer', 12, 17, 58.4, 71.1, 20.4, 34.0, 7, 1),
	(194, 'Polish Lowland Sheepdog', 12, 14, 43.2, 50.8, 13.6, 22.7, 8, 2),
	(195, 'Pomeranian', 12, 16, 15.2, 17.8, 1.4, 3.2, 1, 1),
	(196, 'Poodle (Miniature)', 10, 18, 25.4, 38.1, 4.5, 6.8, 6, NULL),
	(197, 'Poodle (Standard)', 10, 18, 38.1, 38.1, 18.1, 31.8, 6, 3),
	(198, 'Poodle (Toy)', 10, 18, 25.4, 25.4, 1.8, 2.7, 1, 3),
	(199, 'Porcelaine', 12, 13, 55.9, 58.4, 24.9, 28.1, 5, 1),
	(200, 'Portuguese Podengo', 10, 12, 40.6, 71.1, 15.9, 29.9, 9, 5),
	(201, 'Portuguese Podengo Pequeno', 12, 15, 20.3, 30.5, 4.1, 5.9, 2, 3),
	(202, 'Portuguese Pointer', 14, 14, 52.1, 55.9, 15.9, 26.8, 5, 3),
	(203, 'Portuguese Sheepdog', 12, 13, 41.9, 54.6, 17.0, 26.8, 5, NULL),
	(204, 'Portuguese Water Dog', 11, 13, 43.2, 58.4, 15.9, 27.2, 4, 1),
	(205, 'Pudelpointer', 14, 14, 55.9, 66.0, 20.4, 31.8, 5, NULL),
	(206, 'Pug', 13, 15, 25.4, 33.0, 6.4, 8.2, 1, 3),
	(207, 'Puli', 10, 15, 40.6, 43.2, 11.3, 15.9, 8, 5),
	(208, 'Pumi', 12, 13, 38.1, 47.0, 10.0, 13.2, 8, 1),
	(209, 'Pyrenean Mastiff', 10, 13, 63.5, 78.7, 54.4, 108.9, 5, NULL),
	(210, 'Pyrenean Shepherd', 0, 0, 38.1, 53.3, 6.8, 13.6, 8, 5),
	(211, 'Rafeiro do Alentejo', 12, 14, 63.5, 73.7, 34.9, 59.9, 5, NULL),
	(212, 'Rat Terrier', 12, 18, 25.4, 45.7, 4.5, 11.3, 3, 3),
	(213, 'Redbone Coonhound', 12, 15, 53.3, 68.6, 20.4, 31.8, 2, 3),
	(214, 'Rhodesian Ridgeback', 10, 10, 61.0, 68.6, 31.8, 38.6, 2, 1),
	(215, 'Romanian Mioritic Shepherd Dog', 12, 14, 57.1, 73.7, 45.4, 59.0, 5, 2),
	(216, 'Rottweiler', 9, 10, 55.9, 68.6, 36.3, 61.2, 4, 5),
	(217, 'Russell Terrier', 12, 14, 25.4, 30.5, 4.1, 6.8, 3, 3),
	(218, 'Russian Toy', 12, 14, 20.3, 27.9, 2.9, 2.9, 9, 3),
	(219, 'Russian Tsvetnaya Bolonka', 12, 16, 22.9, 25.4, 2.0, 5.0, 5, 3),
	(220, 'Saint Bernard', 8, 10, 66.0, 76.2, 54.4, 81.6, 4, 3),
	(221, 'Saluki', 10, 17, 58.4, 71.1, 18.1, 29.5, 2, 5),
	(222, 'Samoyed', 12, 14, 48.3, 59.7, 15.9, 29.5, 4, 3),
	(223, 'Schapendoes', 12, 15, 40.6, 50.8, 11.8, 24.9, 5, 1),
	(224, 'Schipperke', 12, 14, 25.4, 33.0, 4.5, 7.3, 6, 1),
	(225, 'Scottish Deerhound', 8, 11, 71.1, 81.3, 34.0, 49.9, 2, 1),
	(226, 'Scottish Terrier', 12, 12, 25.4, 25.4, 8.2, 10.0, 3, 1),
	(227, 'Sealyham Terrier', 12, 14, 26.7, 26.7, 10.4, 10.9, 3, 1),
	(228, 'Segugio Italiano', 11, 13, 48.3, 58.4, 18.1, 27.2, 5, NULL),
	(229, 'Shetland Sheepdog', 12, 14, 33.0, 40.6, 6.8, 11.3, 8, 5),
	(230, 'Shiba Inu', 13, 16, 34.3, 41.9, 7.7, 10.4, 6, 5),
	(231, 'Shih Tzu', 10, 18, 22.9, 26.7, 4.1, 7.3, 1, 3),
	(232, 'Shikoku', 10, 12, 43.2, 55.9, 15.9, 24.9, 5, NULL),
	(233, 'Siberian Husky', 12, 14, 50.8, 59.7, 15.9, 27.2, 4, 3),
	(234, 'Silky Terrier', 13, 15, 22.9, 25.4, 4.5, 4.5, 1, 1),
	(235, 'Skye Terrier', 12, 14, 24.1, 25.4, 15.9, 20.4, 3, 5),
	(236, 'Sloughi', 10, 15, 61.0, 73.7, 15.9, 22.7, 2, 5),
	(237, 'Slovakian Wirehaired Pointer', 12, 15, 57.1, 67.3, 22.7, 29.5, 5, 4),
	(238, 'Slovensky Cuvac', 11, 13, 58.4, 69.8, 30.8, 44.0, 5, NULL),
	(239, 'Slovensky Kopov', 12, 13, 40.6, 50.8, 15.0, 20.0, 5, NULL),
	(240, 'Small Munsterlander Pointer', 12, 14, 52.1, 53.3, 18.1, 27.2, 5, 3),
	(241, 'Smooth Fox Terrier', 12, 15, 38.1, 38.1, 6.8, 8.2, 3, 3),
	(242, 'Soft Coated Wheaten Terrier', 12, 14, 43.2, 48.3, 13.6, 18.1, 3, 1),
	(243, 'Spanish Mastiff', 10, 12, 71.1, 88.9, 63.5, 90.7, 5, NULL),
	(244, 'Spanish Water Dog', 12, 14, 40.0, 50.2, 14.1, 22.2, 8, 5),
	(245, 'Spinone Italiano', 10, 12, 55.9, 68.6, NULL, NULL, 7, 1),
	(246, 'Stabyhoun', 13, 15, 48.3, 53.3, 18.1, 27.2, 5, 1),
	(247, 'Staffordshire Bull Terrier', 12, 14, 35.6, 40.6, 10.9, 17.2, 3, 3),
	(248, 'Standard Schnauzer', 13, 16, 44.5, 49.5, 13.6, 22.7, 4, 3),
	(249, 'Sussex Spaniel', 13, 15, 33.0, 38.1, 15.9, 20.4, 7, 5),
	(250, 'Swedish Lapphund', 12, 14, 40.6, 50.8, 13.6, 20.4, 5, 1),
	(251, 'Swedish Vallhund', 12, 15, 29.2, 34.9, 9.1, 15.9, 8, 3),
	(252, 'Taiwan Dog', 9, 13, 43.2, 50.8, 11.8, 18.1, 5, 5),
	(253, 'Teddy Roosevelt Terrier', 14, 16, 20.3, 38.1, 3.6, 11.3, 9, 3),
	(254, 'Thai Ridgeback', 12, 13, 50.8, 61.0, 15.9, 34.0, 5, 5),
	(255, 'Tibetan Mastiff', 10, 12, 61.0, 66.0, 31.8, 68.0, 4, 1),
	(256, 'Tibetan Spaniel', 12, 15, 25.4, 25.4, 4.1, 6.8, 6, 1),
	(257, 'Tibetan Terrier', 15, 16, 35.6, 43.2, 8.2, 13.6, 6, 5),
	(258, 'Tornjak', 12, 14, 58.4, 71.1, 28.1, 49.9, 5, 1),
	(259, 'Tosa', 10, 12, 54.6, 59.7, 45.4, 90.7, 5, 5),
	(260, 'Toy Fox Terrier', 13, 15, 21.6, 29.2, 1.6, 3.2, 1, 3),
	(261, 'Transylvanian Hound', 10, 14, 55.9, 66.0, 24.9, 24.9, 5, NULL),
	(262, 'Treeing Tennessee Brindle', 10, 12, 40.6, 61.0, 13.6, 22.7, 5, NULL),
	(263, 'Treeing Walker Coonhound', 12, 13, 50.8, 68.6, 22.7, 31.8, 2, 3),
	(264, 'Vizsla', 12, 14, 53.3, 61.0, 20.0, 27.2, 7, 3),
	(265, 'Weimaraner', 10, 13, 58.4, 68.6, 24.9, 40.8, 7, 3),
	(266, 'Welsh Springer Spaniel', 12, 15, 43.2, 48.3, 15.9, 24.9, 7, 3),
	(267, 'Welsh Terrier', 12, 15, 38.1, 38.1, 9.1, 9.1, 3, 4),
	(268, 'West Highland White Terrier', 13, 15, 25.4, 27.9, 6.8, 9.1, 3, 3),
	(269, 'Wetterhoun', 13, 13, 12.7, 58.4, 22.7, 34.0, 5, 5),
	(270, 'Whippet', 12, 15, 45.7, 55.9, 11.3, 18.1, 2, 5),
	(271, 'Wire Fox Terrier', 12, 15, 38.1, 38.1, 6.8, 8.2, 3, 1),
	(272, 'Wirehaired Pointing Griffon', 12, 15, 50.8, 61.0, 15.9, 31.8, 7, 1),
	(273, 'Wirehaired Vizsla', 12, 14, 54.6, 63.5, 20.4, 29.5, 7, 1),
	(274, 'Working Kelpie', 12, 15, 48.3, 63.5, 12.7, 27.2, 5, 1),
	(275, 'Xoloitzcuintli', 13, 18, 25.4, 58.4, 4.5, 24.9, 6, 1),
	(276, 'Yakutian Laika', 10, 12, 53.3, 58.4, 18.1, 24.9, 5, 5),
	(277, 'Yorkshire Terrier', 11, 15, 17.8, 20.3, 3.2, 3.2, 1, 3);

-- Dumping structure for table akc_dogs.demeanor
CREATE TABLE IF NOT EXISTS `demeanor` (
  `Demeanor_Value` float(2,1) NOT NULL,
  `Demeanor_Category` char(36) NOT NULL DEFAULT '',
  `ID` int(11) NOT NULL DEFAULT 0,
  PRIMARY KEY (`ID`)
) ENGINE=InnoDB DEFAULT CHARSET=utf8mb3 COLLATE=utf8mb3_general_ci;

-- Dumping data for table akc_dogs.demeanor: ~5 rows (approximately)
INSERT INTO `demeanor` (`Demeanor_Value`, `Demeanor_Category`, `ID`) VALUES
	(0.6, 'Alert/Responsive', 1),
	(0.2, 'Aloof/Wary', 2),
	(0.8, 'Friendly', 3),
	(1.0, 'Outgoing', 4),
	(0.4, 'Reserved with Strangers', 5);

-- Dumping structure for table akc_dogs.groups
CREATE TABLE IF NOT EXISTS `groups` (
  `GroupName` char(50) NOT NULL,
  `ID` int(11) NOT NULL AUTO_INCREMENT,
  PRIMARY KEY (`ID`)
) ENGINE=InnoDB AUTO_INCREMENT=10 DEFAULT CHARSET=utf8mb3 COLLATE=utf8mb3_general_ci;

-- Dumping data for table akc_dogs.groups: ~9 rows (approximately)
INSERT INTO `groups` (`GroupName`, `ID`) VALUES
	('Toy Group', 1),
	('Hound Group', 2),
	('Terrier Group', 3),
	('Working Group', 4),
	('Foundation Stock Service', 5),
	('Non-Sporting Group', 6),
	('Sporting Group', 7),
	('Herding Group', 8),
	('Miscellaneous Class', 9);

/*!40103 SET TIME_ZONE=IFNULL(@OLD_TIME_ZONE, 'system') */;
/*!40101 SET SQL_MODE=IFNULL(@OLD_SQL_MODE, '') */;
/*!40014 SET FOREIGN_KEY_CHECKS=IFNULL(@OLD_FOREIGN_KEY_CHECKS, 1) */;
/*!40101 SET CHARACTER_SET_CLIENT=@OLD_CHARACTER_SET_CLIENT */;
/*!40111 SET SQL_NOTES=IFNULL(@OLD_SQL_NOTES, 1) */;
